{"mape": [915770206829435.6, 247476041369521.94], "mae": [0.977859982793855, 0.03631504964977408], "r2": [0.433667638633868, 0.058622300977498217]}