{"accuracy": [0.28259958071278823, 0.03643579332759026], "precision": [0.2453760744241075, 0.030520908541445013], "recall": [0.28259958071278823, 0.03643579332759026], "f1_score": [0.2526777835482653, 0.03254931576093452], "roc_auc": [0.5556216615097683, 0.019659467459622958]}