{"accuracy": [0.3140123456790124, 0.04922906265269694], "precision": [0.2389432849532985, 0.034438609724108504], "recall": [0.3140123456790124, 0.04922906265269694], "f1_score": [0.26737403498745815, 0.04058518930267951], "roc_auc": [0.5802519677494334, 0.031049602806559662]}