{"accuracy": [0.4445887445887446, 0.04043526389278912], "f1_score": [0.37474401857280204, 0.026968779034441673], "roc_auc": [0.6280473355061681, 0.019966680610527254]}