{"accuracy": [0.31925925925925924, 0.02386052004901826], "precision": [0.30648596480137985, 0.07367729353422187], "recall": [0.31925925925925924, 0.02386052004901826], "f1_score": [0.2756883574101279, 0.01530685407326614], "roc_auc": [0.5801209614718038, 0.013368259626858545]}