{"accuracy": [0.399074074074074, 0.04527389591781895], "precision": [0.3712464566941766, 0.07481737980920522], "recall": [0.399074074074074, 0.04527389591781895], "f1_score": [0.3480413300752998, 0.04418263179872627], "roc_auc": [0.6153257694660721, 0.02767821381038887]}