{"accuracy": [0.40398148148148144, 0.026718378358584618], "precision": [0.3633822727470969, 0.05114578912245667], "recall": [0.40398148148148144, 0.026718378358584618], "f1_score": [0.35032792904937504, 0.03415349622021572], "roc_auc": [0.6164771156740068, 0.01904984985254331]}