{"accuracy": [0.2754018169112508, 0.052322030406006734], "precision": [0.2440002744616689, 0.023797473435075833], "recall": [0.2754018169112508, 0.052322030406006734], "f1_score": [0.24614693803255236, 0.03795079302344007], "roc_auc": [0.5521778791816073, 0.026917594315097514]}