{"mape": [1977274836399546.8, 359699904280547.75], "mae": [1.3715123456790124, 0.07769865414906968], "r2": [-0.33064006592170764, 0.1218063795419211]}