{"accuracy": [0.3816358024691358, 0.03015228331313535], "f1_score": [0.32097965717426186, 0.0403504758796433], "roc_auc": [0.6023190458068483, 0.021619558038439273]}