{"accuracy": [0.30182098765432097, 0.037936656548445115], "precision": [0.230503216272115, 0.03707033587291506], "recall": [0.30182098765432097, 0.037936656548445115], "f1_score": [0.2553129867092702, 0.0344014322258526], "roc_auc": [0.569214825240936, 0.023979184865645146]}